chr	start	end	cp	major_allele_cp	copy_no_float	cumu_start	cumu_end
9	61619001	64935000	1	1	1	1598107913	1601423912
12	10001	9458500	2	1	1.83333	1943777674	1953226173
14	86318001	105593500	2	1	1.83333	2277725311	2297000810
17	26585001	71357500	2	1	1.83333	2517365563	2562138062
16	32913501	90171500	2	1	1.85185	2433355718	2490613717
16	16759001	18093500	2	2	1.87037	2417201218	2418535717
7	149969501	159336500	2	2	1.88889	1381973804	1391340803
8	128715501	145079000	2	1	1.88889	1520065777	1536429276
10	48171501	50100000	2	2	1.88889	1723055130	1724983629
15	30597001	101864000	2	1	1.88889	2329048029	2400315028
2	106416001	130702000	2	1	1.90741	355372423	379658422
6	147501	46212500	2	1	1.90741	1061345825	1107410824
15	21244501	30082500	2	1	1.90741	2319695529	2328533528
1	243095001	248946500	2	1	1.92593	243095001	248946500
2	93815001	106378000	2	1	1.92593	342771423	355334422
2	211888501	242172000	2	1	1.92593	460844923	491128422
8	200501	7350000	2	1	1.94444	1391550777	1398700276
10	62603001	79811000	2	1	1.94444	1737486630	1754694629
11	131501	89744500	2	1	1.94444	1808812552	1898425551
11	109575501	135077000	2	1	1.94444	1918256552	1943758051
18	9501	15513000	2	1	1.94444	2574047504	2589551003
21	13137001	46685500	2	1	1.94444	2790610072	2824158571
7	38337501	63672000	2	1	1.96296	1270341804	1295676303
8	8060001	43938000	2	1	1.96296	1399410277	1435288276
9	64935001	119621500	2	1	1.96296	1601423913	1656110412
10	5067001	45730000	2	1	1.96296	1679950630	1720613629
20	59501	28046000	2	1	1.96296	2713088405	2741074904
1	148918001	243012000	2	1	1.98148	148918001	243012000
2	10001	87103500	2	1	1.98148	248966423	336059922
3	10501	90954000	2	1	1.98148	491160452	582103951
10	9501	4995000	2	2	1.98148	1674893130	1679878629
10	79853501	133788000	2	1	1.98148	1754737130	1808671629
7	142797501	149909500	2	1	2	1374801804	1381913803
14	22528001	86318000	2	1	2	2213935311	2277725310
4	11144501	49127500	2	1	2.01852	700590011	738573010
5	10501	34226000	2	1	2.01852	879670566	913886065
9	9501	41476500	2	1	2.01852	1536498413	1577965412
18	17939001	80263500	2	1	2.01852	2591977004	2654301503
1	49877001	121887500	2	1	2.03704	49877001	121887500
3	91412001	195481000	2	1	2.03704	582561952	686630951
7	63726001	142335000	2	1	2.03704	1295730304	1374339303
13	18564501	114354500	2	1	2.03704	2095607483	2191397482
5	49836501	176085000	2	1	2.05556	929496566	1055745065
6	46212501	170613500	2	1	2.05556	1107410825	1231811824
8	45970001	128715500	2	1	2.05556	1437320277	1520065776
12	9523501	34850000	2	1	2.05556	1953291174	1978617673
12	37251001	48334000	2	1	2.05556	1981018674	1992101673
5	34256501	46552500	2	1	2.07407	913916566	926212565
7	6811501	38270500	2	1	2.07407	1238815804	1270274803
2	130702001	211888500	2	1	2.09259	379658423	460844922
4	118666501	190182500	2	1	2.09259	808112011	879628010
12	55350501	101391000	2	1	2.09259	1999118174	2045158673
4	49546001	118622500	2	1	2.11111	738991511	808068010
11	89744501	109575500	2	1	2.11111	1898425552	1918256551
2	87173001	87257000	2	2	2.12963	336129423	336213422
5	177663501	177716500	3	3	2.90741	1057323566	1057376565
4	49257001	49546000	3	3	2.94444	738702511	738991510
7	149909501	149969500	3	2	2.98148	1381913804	1381973803
9	41479501	41927500	3	3	3.01852	1577968413	1578416412
16	18164501	18610000	3	3	3.09259	2418606718	2419052217
12	9458501	9523500	4	4	4	1953226174	1953291173
10	4995001	5067000	4	4	4.01852	1679878630	1679950629
4	118626001	118666500	4	4	4.24074	808071511	808112010
14	21782001	21933000	5	3	4.88889	2213189311	2213340310
10	79811001	79841000	7	6	7.35185	1754694630	1754724629
7	142652501	142797500	14	10	14.0741	1374656804	1374801803
7	38299501	38337500	17	12	17	1270303804	1270341803
14	22177501	22352000	21	16	20.9444	2213584811	2213759310
17	22999501	26574500	-6.66667	NA	-6.66667	2513780063	2517355062
2	92732501	93811000	-6.61111	NA	-6.61111	341688923	342767422
7	63674501	63726000	-5.16667	NA	-5.16667	1295678804	1295730303
13	16334001	16651500	-4.81481	NA	-4.81481	2093376983	2093694482
16	18093501	18164500	-4.31481	NA	-4.31481	2418535718	2418606717
1	146546501	146652500	-4.16667	NA	-4.16667	146546501	146652500
5	176085001	176128500	-4.16667	NA	-4.16667	1055745066	1055788565
10	46339001	46412500	-4.14815	NA	-4.14815	1721222630	1721296129
16	32878501	32913500	-3.96296	NA	-3.96296	2433320718	2433355717
10	46831001	46955000	-3.66667	NA	-3.66667	1721714630	1721838629
1	148467001	148918000	-3.37037	NA	-3.37037	148467001	148918000
13	17370501	17544000	-3.37037	NA	-3.37037	2094413483	2094586982
10	45888501	45927000	-2.90741	NA	-2.90741	1720772130	1720810629
10	46718501	46788000	-2.90741	NA	-2.90741	1721602130	1721671629
8	43938001	45970000	-2.74074	NA	-2.74074	1435288277	1437320276
12	34850001	37251000	-2.7037	NA	-2.7037	1978617674	1981018673
10	47942501	48171500	-2.61111	NA	-2.61111	1722826130	1723055129
14	19241001	19383000	-2.44444	NA	-2.44444	2210648311	2210790310
15	30156001	30569000	-2.2963	NA	-2.2963	2328607029	2329020028
17	18405001	18510500	-1.94444	NA	-1.94444	2509185563	2509291062
2	87103501	87168000	-1.92593	NA	-1.92593	336059923	336124422
8	7411001	7891500	-1.7037	NA	-1.7037	1398761277	1399241776
18	15527001	17280000	-1.59259	NA	-1.59259	2589565004	2591318003
3	91028501	91264000	-1.57407	NA	-1.57407	582178452	582413951
15	20739501	21190000	-1.2963	NA	-1.2963	2319190529	2319641028
21	5300501	7976500	-1.16667	NA	-1.16667	2782773572	2785449571
5	46552501	49833500	-1.14815	NA	-1.14815	926212566	929493565
2	87303501	87486500	-0.703704	NA	-0.703704	336259923	336442922
1	122742001	124616000	-0.592593	NA	-0.592593	122742001	124616000
4	49127501	49257000	0	0	-0.0185185	738573011	738702510
14	18605501	19241000	1.25926	NA	1.25926	2210012811	2210648310
15	17009001	20739000	1.44444	NA	1.44444	2315460029	2319190028
21	5050001	5298500	1.55556	NA	1.55556	2782523072	2782771571
17	71357501	83243000	1.61111	NA	1.61111	2562138063	2574023562
2	91439501	92721500	1.62963	NA	1.62963	340395923	341677922
3	195493001	198175000	1.62963	NA	1.62963	686642952	689324951
19	89501	58608000	1.64815	NA	1.64815	2654500789	2713019288
5	177716501	181292500	1.66667	NA	1.66667	1057376566	1060952565
10	46991501	47522000	1.66667	NA	1.66667	1721875130	1722405629
21	8012001	13078500	1.66667	NA	1.66667	2785485072	2790551571
9	119621501	138214000	1.7037	NA	1.7037	1656110413	1674702912
22	10514501	50808500	1.7037	NA	1.7037	2834697555	2874991554
1	124912001	146542000	1.72222	NA	1.72222	124912001	146542000
5	176128501	177663500	1.72222	NA	1.72222	1055788566	1057323565
7	34001	6811500	1.72222	NA	1.72222	1232038304	1238815803
16	9501	16654500	1.72222	NA	1.72222	2400451718	2417096717
17	18510501	22995000	1.72222	NA	1.72222	2509291063	2513775562
2	87688001	90378500	1.75926	NA	1.75926	336644423	339334922
13	18203001	18486500	1.75926	NA	1.75926	2095245983	2095529482
16	18610001	32878500	1.75926	NA	1.75926	2419052218	2433320717
17	129001	18405000	1.75926	NA	1.75926	2490909563	2509185562
1	9501	49877000	1.77778	NA	1.77778	9501	49877000
12	48334001	55350500	1.77778	NA	1.77778	1992101674	1999118173
10	45927001	46336500	1.7963	NA	1.7963	1720810630	1721220129
4	10001	11144500	1.81481	NA	1.81481	689455511	700590010
12	101391001	133265500	1.81481	NA	1.81481	2045158674	2077033173
20	29912501	64334500	1.81481	NA	1.81481	2742941405	2777363404
14	105593501	106884000	2.22222	NA	2.22222	2297000811	2298291310
13	16651501	17364500	2.24074	NA	2.24074	2093694483	2094407482
10	46412501	46718500	2.40741	NA	2.40741	1721296130	1721602129
10	46788001	46815500	2.59259	NA	2.59259	1721671630	1721699129
3	91277001	91412000	2.62963	NA	2.62963	582426952	582561951
2	87486501	87578000	3.38889	NA	3.38889	336442923	336534422
2	90378501	91439500	3.42593	NA	3.42593	339334923	340395922
8	7350001	7399500	3.42593	NA	3.42593	1398700277	1398749776
13	17559001	18203000	3.51852	NA	3.51852	2094601983	2095245982
13	18486501	18549500	3.51852	NA	3.51852	2095529483	2095592482
1	243012001	243095000	3.53704	NA	3.53704	243012001	243095000
14	18311001	18587500	3.57407	NA	3.57407	2209718311	2209994810
8	7891501	8049500	5.12963	NA	5.12963	1399241777	1399399776
7	142335001	142528000	5.35185	NA	5.35185	1374339304	1374532303
16	16687001	16759000	5.35185	NA	5.35185	2417129218	2417201217
2	87257001	87303500	6.57407	NA	6.57407	336213423	336259922
10	50100001	50146500	6.7037	NA	6.7037	1724983630	1725030129
2	106378001	106416000	8.44444	NA	8.44444	355334423	355372422
14	22495501	22528000	8.48148	NA	8.48148	2213902811	2213935310
14	21933001	22052500	9.38889	NA	9.38889	2213340311	2213459810
7	142528001	142652500	9.87037	NA	9.87037	1374532304	1374656803
14	22052501	22177500	14.5926	NA	14.5926	2213459811	2213584810
14	22462001	22495500	17.7963	NA	17.7963	2213869311	2213902810
#genome_len_cnv_all=2806371500
#genome_len_clonal=2406399500
#ploidy_cnv_all=1.91968
#ploidy_clonal=1.99458
